term,odds_ratio,ci_low,ci_high,p_value
Intercept,1.3421544360204833,1.2253844569794694,1.4700517212122945,2.348253269994015e-10
compared_two_offers[T.True],1.7238326472354242,1.6357232968198048,1.8166880678731623,5.349047848933792e-92
C(acquisition_channel)[T.organic_search],0.8179746352995194,0.7706718632807789,0.8681807859768912,3.819315452184189e-11
C(acquisition_channel)[T.paid_search],0.6862752545404287,0.6439051794254376,0.7314333539214334,5.283261804049823e-31
C(acquisition_channel)[T.paid_social],0.33053712780000233,0.3093187135981977,0.3532110669391833,1.407668713731486e-234
C(acquisition_channel)[T.referral],0.7427374818879235,0.6909015529293568,0.798462479440424,7.790909791582914e-16
C(device_type)[T.mobile],0.7457716461980781,0.7137289378166995,0.7792529051355752,3.683995338784856e-39
C(country)[T.Germany],0.9868241192398401,0.9246764511464703,1.0531487431155866,0.6894201730577261
C(country)[T.Netherlands],1.0152996229684927,0.9436812633704329,1.092353281147344,0.6841350535706133
C(country)[T.Spain],0.9240561037262901,0.8620515144418155,0.9905204834385164,0.0258316360809542
C(country)[T.UK],1.009080114866455,0.9486634813528981,1.0733444453524998,0.7741504680303433
C(signup_month)[T.2024-02],1.0792636810329006,0.9914277475179399,1.174881473826825,0.07820656828154715
C(signup_month)[T.2024-03],0.9991615245350892,0.9206192401745856,1.0844046143571389,0.983978355625794
C(signup_month)[T.2024-04],0.977017798379332,0.901194875921415,1.0592201574315607,0.5726854049992954
C(signup_month)[T.2024-05],0.7735924988709468,0.7139654569782773,0.8381993112694861,3.546989598879916e-10
C(signup_month)[T.2024-06],0.5060891701185534,0.46630596200285335,0.5492665095063032,9.25209878750181e-60
