offer_depth_group,acquisition_channel,users,within_depth_share
0,direct,3446,0.20687999039442878
0,organic_search,3957,0.23755778351443838
0,paid_search,3110,0.18670829080866902
0,paid_social,4117,0.24716335474575254
0,referral,2027,0.12169058053671129
1,direct,2710,0.21597067261715014
1,organic_search,3094,0.24657315906917437
1,paid_search,2372,0.18903410902135798
1,paid_social,2760,0.21995537137392412
1,referral,1612,0.12846668791839336
2,direct,1151,0.231682769726248
2,organic_search,1238,0.24919484702093397
2,paid_search,978,0.19685990338164253
2,paid_social,975,0.196256038647343
2,referral,626,0.12600644122383253
3+,direct,417,0.23993095512082854
3+,organic_search,432,0.24856156501726123
3+,paid_search,363,0.2088607594936709
3+,paid_social,317,0.18239355581127734
3+,referral,209,0.12025316455696203
